Row Labels,2005,Max of Production
Apple,4005,0
Tamil Nadu,4005,0
Arcanut (Processed),12012,40216
Karnataka,12012,40216
Arecanut,1008693,538587
Andaman and Nicobar Islands,14032,5200
Andhra Pradesh,20065,379
Assam,272651,7728
Goa,4027,2458
Karnataka,198671,538587
Kerala,166502,43474
Meghalaya,70151,10308
Puducherry,4006,130
Tamil Nadu,126440,7076
West Bengal,132148,6289
Arhar/Tur,4474641,302817
Andhra Pradesh,200626,60198
Assam,268788,1614
Bihar,429349,14905
Chandigarh,1999,80
Chhattisgarh,170698,7693
Dadra and Nagar Haveli,14060,1496
Gujarat,192417,85800
Haryana,180429,11900
Himachal Pradesh,22033,312
Jharkhand,68211,7772.4
Karnataka,266846,302817
Kerala,4027,1325
Madhya Pradesh,433130,49776
Maharashtra,346984,129100
Manipur,2003,20
Meghalaya,34122,781
Mizoram,14012,102
Nagaland,76259,3670
Odisha,125994,17140
Punjab,142352,8000
Rajasthan,228388,7774
Tamil Nadu,242709,11044
Telangana ,138407,54637
Tripura,40205,402
Uttar Pradesh,619874,42383
Uttarakhand,104423,821
West Bengal,106296,2380
Ash Gourd,36047,0
Tamil Nadu,36047,0
Atcanut (Raw),10010,97930
Karnataka,10010,97930
Bajra,3308470,826816
Andhra Pradesh,170539,59344
Bihar,108214,1823
Chhattisgarh,40146,63
Gujarat,372949,174400
Haryana,188437,326000
Himachal Pradesh,42073,241
Jammu and Kashmir ,30057,8670
Karnataka,192500,97196
Madhya Pradesh,308817,237853
Maharashtra,240691,403300
Nagaland,86295,1430
Odisha,50041,560
Puducherry,16058,470
Punjab,26068,3000
Rajasthan,314587,826816
Tamil Nadu,280741,75916
Telangana ,96268,6600
Uttar Pradesh,703881,230225
Uttarakhand,14037,48
West Bengal,26071,113
Banana,1999533,847531
Andaman and Nicobar Islands,6005,1763
Andhra Pradesh,98280,518880
Assam,337076,77222
Bihar,142149,56979
Chhattisgarh,166589,7080
Dadra and Nagar Haveli,4002,300
Goa,4028,14754
Gujarat,76149,746900
Haryana,6007,0
Karnataka,194534,373090
Kerala,148375,100284
Madhya Pradesh,132468,605427
Maharashtra,22033,351750
Manipur,58054,18390
Meghalaya,76200,27159
Puducherry,30121,10617
Rajasthan,26053,0
Tamil Nadu,272553,847531
Telangana ,54182,24058
Uttar Pradesh,144675,33981
Barley,2619182,152963
Bihar,359014,3235
Chhattisgarh,70290,2540
Haryana,196447,35000
Himachal Pradesh,66129,7487
Jammu and Kashmir ,48126,2077
Jharkhand,2003,36.76
Madhya Pradesh,375086,25346
Nagaland,60270,1200
Punjab,100219,27000
Rajasthan,266429,152963
Sikkim,42119,670
Uttar Pradesh,810272,78853
Uttarakhand,144545,6426
West Bengal,78233,2400
Bean,8054,470
Nagaland,8054,470
Beans & Mutter(Vegetable),100120,23457
Andhra Pradesh,12013,2212
Jammu and Kashmir ,4004,151
Karnataka,20023,23457
Madhya Pradesh,28036,0
Manipur,6006,547
Tamil Nadu,16021,0
Telangana ,14017,8724
Beet Root,12016,0
Tamil Nadu,12016,0
Ber,6009,0
Tamil Nadu,6009,0
Bhindi,160200,51451
Andhra Pradesh,12017,51451
Kerala,8008,0
Madhya Pradesh,74091,0
Manipur,14017,799
Tamil Nadu,38049,6157
Telangana ,14018,3100
Bitter Gourd,48060,64
Kerala,12014,0
Manipur,10014,64
Tamil Nadu,26032,0
Black pepper,543923,66531
Andaman and Nicobar Islands,18053,191.14
Assam,116611,865
Goa,2007,119
Karnataka,132410,66531
Kerala,140354,35299
Meghalaya,44220,214
Puducherry,12025,8
Tamil Nadu,78243,470
Blackgram,78289,3092
Assam,18072,1556
Bihar,21978,3092
Kerala,10064,
Nagaland,28175,120
Bottle Gourd,42051,70
Andhra Pradesh,8009,0
Manipur,10012,70
Tamil Nadu,18022,0
Telangana ,6008,0
Brinjal,240591,21932
Andhra Pradesh,62333,21932
Karnataka,38047,8744
Kerala,22028,0
Madhya Pradesh,58072,0
Manipur,12017,254
Puducherry,8043,1910
Tamil Nadu,30038,17679
Telangana ,10013,7061
Cabbage,128422,59879
Andhra Pradesh,64343,4684
Madhya Pradesh,32039,0
Manipur,18021,4233
Tamil Nadu,8011,59879
Telangana ,6008,0
Cardamom,258769,8224
Karnataka,82273,1164
Kerala,84209,8224
Nagaland,4014,260
Tamil Nadu,84271,144
West Bengal,4002,704
Carrot,20025,413
Manipur,14018,413
Tamil Nadu,6007,0
Cashewnut,619903,37909
Andaman and Nicobar Islands,12038,260.5
Andhra Pradesh,92319,16996
Goa,10043,18714
Karnataka,72414,12273.67
Kerala,170468,37909
Meghalaya,14070,12603
Puducherry,16033,131
Tamil Nadu,224503,22157
Telangana ,8015,3615
Cashewnut Processed,10010,15
Karnataka,10010,15
Cashewnut Raw,28028,20737
Karnataka,16016,180
Kerala,12012,20737
Castor seed,2041470,275400
Andhra Pradesh,122423,25085
Assam,262774,246
Bihar,52120,156
Chhattisgarh,58216,11
Gujarat,190508,275400
Haryana,20096,900
Karnataka,208602,6709
Madhya Pradesh,158404,435
Maharashtra,172490,1200
Meghalaya,32130,18
Nagaland,36186,140
Odisha,176138,2360
Rajasthan,220447,133819
Tamil Nadu,216645,3737
Telangana ,82268,88024
Uttar Pradesh,21985,8
West Bengal,10038,45
Cauliflower,50065,198
Madhya Pradesh,38049,0
Manipur,2003,198
Tamil Nadu,10013,0
Citrus Fruit,180218,111117
Andhra Pradesh,18021,111117
Karnataka,26032,3236
Madhya Pradesh,48058,0
Manipur,8010,893
Meghalaya,10012,21802
Rajasthan,22027,0
Tamil Nadu,30037,1233
Telangana ,18021,12084
Coconut ,1281704,1125000000
Andaman and Nicobar Islands,14035,71300000
Andhra Pradesh,82325,613037376
Assam,246634,43216000
Chhattisgarh,16098,
Dadra and Nagar Haveli,6009,462
Goa,12048,70110000
Karnataka,319018,5530209.45
Kerala,172486,1125000000
Puducherry,30099,17813000
Tamil Nadu,200681,823800000
Telangana ,32089,11933140
West Bengal,150182,75095000
Colocosia,6039,6370
Nagaland,6039,6370
Cond-spcs other,13993,346
Jammu and Kashmir ,13993,346
Coriander,2043925,131438
Andhra Pradesh,70208,5436
Bihar,196179,499
Chhattisgarh,168669,347
Dadra and Nagar Haveli,1998,4
Haryana,16077,500
Himachal Pradesh,22048,42
Karnataka,226724,2241
Madhya Pradesh,369113,18395
Meghalaya,4008,86
Odisha,94059,1090
Puducherry,10026,4
Rajasthan,242527,131438
Tamil Nadu,206387,3167
Telangana ,68250,1776
Uttar Pradesh,347652,695
Cotton(lint),2741378,1714900
Andhra Pradesh,142440,809620
Assam,246670,502
Chhattisgarh,32094,609
Gujarat,220546,1714900
Haryana,186382,581000
Himachal Pradesh,22045,20
Jammu and Kashmir ,4008,15.5
Karnataka,279029,362752
Kerala,12031,7702
Madhya Pradesh,214617,366717
Maharashtra,278831,1097100
Manipur,6008,70
Meghalaya,34062,4434
Mizoram,38070,843
Nagaland,30072,530
Odisha,11996,13430
Puducherry,20036,1900
Punjab,112313,659000
Rajasthan,250417,341270
Tamil Nadu,302811,69123
Telangana ,84231,776447
Tripura,38107,1008
Uttar Pradesh,146450,1976
West Bengal,28112,2672
Cowpea(Lobia),340000,9910
Andhra Pradesh,30182,2865
Karnataka,193165,9910
Kerala,16102,
Madhya Pradesh,56266,82
Meghalaya,6041,106
Nagaland,8053,310
Telangana ,30191,3558
Cucumber,56069,0
Andhra Pradesh,10013,0
Tamil Nadu,34043,0
Telangana ,12013,0
Drum Stick,84266,4110
Kerala,48221,4110
Tamil Nadu,36045,8
Dry chillies,3937192,338429
Andaman and Nicobar Islands,12030,822.8
Andhra Pradesh,272750,338429
Arunachal Pradesh,174563,2489
Assam,230641,2221
Bihar,190238,1033
Chhattisgarh,182770,735
Gujarat,206426,4400
Haryana,124265,1600
Himachal Pradesh,42124,114
Jammu and Kashmir ,24106,273.8
Karnataka,566219,54236
Kerala,13989,139
Madhya Pradesh,302930,41691
Manipur,66064,4660
Meghalaya,74238,649
Nagaland,4016,360
Odisha,148091,4500
Puducherry,26094,36
Rajasthan,260462,8033
Tamil Nadu,242559,13180
Telangana ,186453,101927
Uttar Pradesh,433967,1910
Uttarakhand,10035,363
West Bengal,142162,16262
Dry ginger,1842926,464481
Andaman and Nicobar Islands,16034,1800
Andhra Pradesh,36157,1642
Arunachal Pradesh,176564,22305
Assam,58245,21042
Bihar,82084,600
Chhattisgarh,142514,981
Haryana,4011,
Himachal Pradesh,36053,19131
Jammu and Kashmir ,8028,67.9
Karnataka,198598,464481
Kerala,134394,22717
Madhya Pradesh,310932,9868
Manipur,54074,1320
Meghalaya,88246,23189
Nagaland,16059,4550
Odisha,116097,7430
Puducherry,10003,152
Rajasthan,22041,1113
Tamil Nadu,50110,12136
Telangana ,26084,18549
Uttar Pradesh,42201,3142
Uttarakhand,88209,10437
West Bengal,126188,6774
Garlic,2052010,106500
Bihar,208263,1038
Chhattisgarh,152570,1457
Gujarat,152443,106500
Haryana,52165,2600
Himachal Pradesh,60152,3314
Jammu and Kashmir ,26087,127.3
Karnataka,154461,3319
Kerala,12031,10846
Madhya Pradesh,435309,97666
Meghalaya,6012,80
Odisha,110083,3910
Rajasthan,218479,68544
Tamil Nadu,44102,3775
Telangana ,14057,1305
Uttar Pradesh,321423,46669
Uttarakhand,78352,662
West Bengal,6021,1210
Ginger,128798,39258
Andhra Pradesh,2010,401
Assam,74461,39258
Himachal Pradesh,6030,2443
Nagaland,14087,3740
Telangana ,6038,16373
Uttar Pradesh,4028,161
Uttarakhand,22144,4479
Gram,4434035,309000
Andhra Pradesh,140367,226885
Assam,262768,263
Bihar,322836,10404
Chhattisgarh,178723,98361
Dadra and Nagar Haveli,10019,150
Gujarat,174413,47200
Haryana,168372,43000
Himachal Pradesh,56095,404
Jammu and Kashmir ,14002,2748.4
Jharkhand,96262,3259.46
Karnataka,244792,155732
Madhya Pradesh,419315,206837
Maharashtra,391046,121200
Meghalaya,38089,416
Mizoram,6009,6
Nagaland,82252,360
Odisha,98068,5240
Punjab,144392,13000
Rajasthan,286466,309000
Tamil Nadu,168414,3427
Telangana ,108254,70415
Tripura,44196,67
Uttar Pradesh,756166,100032
Uttarakhand,88334,450
West Bengal,134385,15944
Grapes,72128,158127
Andhra Pradesh,12050,6886
Haryana,4005,3700
Karnataka,20026,158127
Madhya Pradesh,4004,0
Maharashtra,12018,124312
Rajasthan,2002,0
Tamil Nadu,14018,4002
Telangana ,4005,26258
Groundnut,5230487,1163500
Andhra Pradesh,274759,884963
Arunachal Pradesh,15980,82
Bihar,76201,591
Chhattisgarh,156597,10325
Dadra and Nagar Haveli,8031,40
Goa,16075,6973
Gujarat,372828,1163500
Haryana,104266,1500
Himachal Pradesh,40042,114
Karnataka,543530,215651
Kerala,10016,5144
Madhya Pradesh,457273,193379
Maharashtra,485335,81500
Mizoram,10017,14
Nagaland,94344,850
Odisha,686157,61210
Puducherry,34133,2458
Punjab,52082,26000
Rajasthan,266449,229912
Tamil Nadu,339012,204788
Telangana ,200491,149000
Tripura,74312,256
Uttar Pradesh,543297,37739
Uttarakhand,46183,1731
West Bengal,323077,35116
Guar seed,788943,316439
Gujarat,78292,46400
Haryana,12072,28419
Punjab,70304,25000
Rajasthan,246547,316439
Tamil Nadu,13993,224821
Uttar Pradesh,367735,301
Horse-gram,2281139,18636
Andhra Pradesh,202581,11200
Bihar,152451,2398
Chhattisgarh,244963,4421
Haryana,28074,500
Himachal Pradesh,64114,471
Jammu and Kashmir ,4002,294
Karnataka,543541,18636
Kerala,2013,
Madhya Pradesh,88346,4722
Nagaland,30180,70
Odisha,353079,7490
Tamil Nadu,236748,17215
Telangana ,106277,3000
Uttarakhand,98366,2529
West Bengal,126404,1774
Jack Fruit,62116,7469
Kerala,20063,26
Manipur,14018,490
Tamil Nadu,28035,7469
Jobster,2013,140
Nagaland,2013,140
Jowar,4287112,400700
Andhra Pradesh,240645,139745
Bihar,116252,3091
Chhattisgarh,188699,2625
Dadra and Nagar Haveli,10042,588
Gujarat,280710,58900
Haryana,126254,10000
Himachal Pradesh,2000,0.1
Jammu and Kashmir ,4000,1.2
Karnataka,591665,316937
Kerala,38109,1563
Madhya Pradesh,601656,148078
Maharashtra,523319,400700
Nagaland,74248,1210
Odisha,70045,1160
Puducherry,10043,9
Rajasthan,286477,57981
Tamil Nadu,230579,107294
Telangana ,182376,62900
Uttar Pradesh,679955,39932
West Bengal,30038,588
Jute,848437,2225245
Assam,266745,148168
Bihar,120299,381530
Chhattisgarh,16079,
Madhya Pradesh,28084,1144
Manipur,1998,20
Meghalaya,50162,56496
Nagaland,42153,21000
Odisha,92201,25040
Tripura,44185,3610
Uttar Pradesh,5996,23
West Bengal,180535,2225245
Jute & mesta,14006,7870
Tripura,14006,7870
Kapas,7990,246
Mizoram,7990,246
Khesari,820982,131019
Bihar,359233,28780
Chhattisgarh,158650,131019
Madhya Pradesh,130621,8474
West Bengal,172478,11638
Korra,62028,13700
Andhra Pradesh,23999,13700
Tamil Nadu,28017,366
Telangana ,10012,1000
Lab-Lab,28036,0
Tamil Nadu,28036,0
Lemon,24156,94029
Andhra Pradesh,24156,94029
Lentil,8055,518
Nagaland,4027,400
Uttarakhand,4028,518
Linseed,2610915,16151
Andhra Pradesh,40105,225
Assam,234661,1455
Bihar,354948,4645
Chhattisgarh,172663,3538
Himachal Pradesh,30046,574
Jammu and Kashmir ,30090,61.1
Karnataka,148422,2284
Madhya Pradesh,445107,11119
Maharashtra,148414,6900
Meghalaya,14044,41
Nagaland,84268,5000
Odisha,52025,3819
Punjab,9998,200
Rajasthan,166355,3476
Telangana ,26058,1248
Uttar Pradesh,473162,4285
Uttarakhand,12044,16151
West Bengal,168505,1519
Litchi,4005,0
Tamil Nadu,4005,0
Maize,8390742,904377
Andhra Pradesh,278717,904377
Arunachal Pradesh,164509,11091
Assam,226689,14207
Bihar,1159227,215765
Chandigarh,8022,500
Chhattisgarh,186789,35369
Dadra and Nagar Haveli,4003,105
Gujarat,198569,305400
Haryana,154343,25000
Himachal Pradesh,84161,151635
Jammu and Kashmir ,70129,116170
Jharkhand,70180,12671
Karnataka,846517,524582
Kerala,8054,64
Madhya Pradesh,501282,216648
Maharashtra,599595,554000
Manipur,16005,6400
Meghalaya,96333,7687
Mizoram,80170,7461
Nagaland,122505,20070
Odisha,622126,202549.5
Punjab,132325,240000
Rajasthan,238432,371547
Sikkim,44136,26860
Tamil Nadu,266861,354692
Telangana ,186545,524000
Tripura,60200,1400
Uttar Pradesh,1534644,214748
Uttarakhand,160577,19229
West Bengal,269097,151280
Mango,270601,588344
Andhra Pradesh,38166,588344
Goa,2013,6239
Haryana,10013,6100
Karnataka,30038,81689
Kerala,36126,46783
Madhya Pradesh,32040,0
Maharashtra,22033,62670
Manipur,8009,261
Puducherry,16071,3283
Rajasthan,20024,0
Tamil Nadu,44054,252436
Telangana ,12014,75002
Masoor,2616455,47835
Andhra Pradesh,7996,21439
Assam,208860,2461
Bihar,403371,41278
Chhattisgarh,148507,2269
Haryana,136348,1900
Himachal Pradesh,54093,225
Jammu and Kashmir ,16042,38.3
Jharkhand,30083,2161.71
Madhya Pradesh,295203,47835
Meghalaya,16088,425
Mizoram,6005,48.63
Nagaland,38151,910
Odisha,22021,1270
Punjab,68141,1800
Rajasthan,146304,16404
Telangana ,9995,11169
Tripura,40186,287
Uttar Pradesh,656046,44983
Uttarakhand,128503,4065
West Bengal,184512,26620
Mesta,1145431,437705
Andhra Pradesh,50137,437705
Assam,246740,7318
Bihar,244658,61626
Chhattisgarh,154525,1121
Karnataka,52159,5700
Madhya Pradesh,56272,280
Meghalaya,36139,15063
Nagaland,46263,350
Odisha,33992,16600
Rajasthan,12017,17
Tamil Nadu,12002,491
Telangana ,26041,2075
Tripura,34144,3240
West Bengal,140342,46724
Moong(Green Gram),6189159,130487
Andaman and Nicobar Islands,4020,17.85
Andhra Pradesh,278816,17648
Assam,212829,937
Bihar,658203,17234
Chandigarh,1999,2
Chhattisgarh,335385,705
Gujarat,230741,42600
Haryana,126328,4500
Himachal Pradesh,40077,53
Jammu and Kashmir ,42123,367
Karnataka,367133,30421
Kerala,20129,
Madhya Pradesh,345643,33174
Maharashtra,354957,93600
Mizoram,12019,45
Nagaland,70155,530
Odisha,702395,50190
Puducherry,44141,1258
Punjab,126335,5000
Rajasthan,250444,130487
Tamil Nadu,254720,15555
Telangana ,168391,48408
Tripura,72336,161
Uttar Pradesh,1064695,8420
Uttarakhand,26088,8
West Bengal,379057,11399
Moth,553018,217192
Gujarat,158367,10000
Haryana,68137,700
Himachal Pradesh,12046,15
Jammu and Kashmir ,6006,718
Punjab,10010,200
Rajasthan,206418,217192
Uttar Pradesh,71975,10
Uttarakhand,20059,9
Niger seed,1261493,25000
Andhra Pradesh,30089,6515
Assam,260799,1184
Chhattisgarh,128466,5087
Dadra and Nagar Haveli,6008,553
Karnataka,246811,1691
Madhya Pradesh,188478,5676
Maharashtra,204523,7500
Nagaland,8011,25000
Odisha,86076,12540
Tamil Nadu,6015,
Telangana ,10019,198
West Bengal,86198,2872
Oilseeds total,210447,7556300
Arunachal Pradesh,134440,23459
Gujarat,7992,885600
Meghalaya,1998,57
Nagaland,6042,3300
Rajasthan,10015,0
Sikkim,6004,1000
Tripura,12004,1295
Uttar Pradesh,19970,34382
West Bengal,11982,7556300
Onion,4238303,1304400
Andhra Pradesh,214642,358241
Assam,268685,2453
Bihar,256231,16915
Chandigarh,4000,450
Chhattisgarh,178658,7916
Gujarat,164411,1304400
Haryana,102241,34600
Himachal Pradesh,20054,1583
Jammu and Kashmir ,30086,552
Jharkhand,46153,7711.06
Karnataka,560035,260937
Kerala,4027,
Madhya Pradesh,473441,203329
Maharashtra,28042,793741
Manipur,36018,640
Odisha,108095,46120
Puducherry,8027,429
Rajasthan,264537,165507
Tamil Nadu,238574,76882
Telangana ,144386,81265
Uttar Pradesh,981607,34459
Uttarakhand,106353,9420
Orange,160527,204728
Andhra Pradesh,16020,204728
Assam,92436,30197
Madhya Pradesh,18027,0
Manipur,8012,2132
Rajasthan,6008,0
Tamil Nadu,10013,830
Telangana ,10011,34544
Other  Rabi pulses,1948682,98782
Andhra Pradesh,28070,11740
Assam,138125,5879
Bihar,232512,28035
Chhattisgarh,174653,332
Dadra and Nagar Haveli,12032,4259
Goa,4018,1594
Gujarat,106289,7200
Haryana,9998,10000
Himachal Pradesh,18040,45
Jammu and Kashmir ,20049,174
Karnataka,230704,3751
Madhya Pradesh,202399,46811
Maharashtra,208541,18100
Meghalaya,64142,1145
Mizoram,26073,795
Nagaland,36095,2390
Odisha,94096,2780
Puducherry,8014,33
Punjab,8000,2400
Rajasthan,132245,6575
Sikkim,3996,1000
Telangana ,28041,718
Tripura,26123,367
Uttar Pradesh,80256,98782
Uttarakhand,52153,123
West Bengal,4018,54
Other Cereals & Millets,369081,40573
Gujarat,130514,11500
Jammu and Kashmir ,14057,38.2
Kerala,6020,620
Maharashtra,58026,12400
Sikkim,10038,1554
Tamil Nadu,12000,40573
Uttarakhand,138426,25373
Other Citrus Fruit,50064,0
Madhya Pradesh,10015,0
Tamil Nadu,40049,0
other fibres,8011,0
Rajasthan,6009,0
Telangana ,2002,0
Other Fresh Fruits,258321,22400
Andhra Pradesh,12015,11606
Haryana,28032,22400
Jammu and Kashmir ,14018,0
Karnataka,30037,4867
Kerala,18021,0
Madhya Pradesh,58074,0
Manipur,10012,5032
Rajasthan,44056,0
Sikkim,2002,1640
Tamil Nadu,34044,0
Telangana ,8010,483
Other Kharif pulses,2282089,30962
Andaman and Nicobar Islands,4001,199
Andhra Pradesh,62212,12559
Bihar,220572,3103
Chhattisgarh,174747,421
Dadra and Nagar Haveli,8003,1833
Goa,14078,290
Gujarat,170413,3900
Haryana,20025,3600
Himachal Pradesh,48104,1413
Jammu and Kashmir ,40139,268.2
Karnataka,258777,18310
Madhya Pradesh,224554,29863
Maharashtra,208504,17800
Manipur,28040,890
Mizoram,28083,1788
Nagaland,36088,1660
Odisha,36025,2540
Puducherry,8043,20
Rajasthan,282543,30962
Sikkim,38169,6510
Tamil Nadu,106155,7564
Telangana ,48084,652
Tripura,34144,1118
Uttar Pradesh,34102,17763
Uttarakhand,92341,1963
West Bengal,56143,450
other misc. pulses,42033,653
Andhra Pradesh,6000,51
Assam,8012,653
Chhattisgarh,2003,0.01
Madhya Pradesh,12018,0.01
Telangana ,14000,366
other oilseeds,397289,281707
Andaman and Nicobar Islands,8014,40.31
Andhra Pradesh,36169,281707
Gujarat,24128,20000
Haryana,4006,
Jammu and Kashmir ,10020,20.4
Kerala,12012,0
Maharashtra,32057,2500
Mizoram,48133,2994
Rajasthan,98351,131769
Sikkim,8007,20
Telangana ,16054,44021
Tripura,2002,628
Uttarakhand,98336,811
Other Vegetables,226307,45015
Andhra Pradesh,14018,0
Goa,4028,45015
Haryana,20024,19300
Jammu and Kashmir ,20025,1953
Kerala,10013,0
Madhya Pradesh,60077,0
Manipur,8011,428
Rajasthan,42050,0
Sikkim,6008,16740
Tamil Nadu,28034,5
Telangana ,14019,0
Paddy,296825,396907
Assam,152948,256004
Karnataka,31952,166203
Madhya Pradesh,19970,342600
Odisha,79880,396907
Puducherry,12075,19406
Papaya,280803,181328
Andhra Pradesh,32124,181328
Assam,98467,23235
Chhattisgarh,8011,4445
Karnataka,16016,464
Kerala,16048,14443
Madhya Pradesh,44054,3747
Manipur,20026,1600
Meghalaya,2003,1267
Rajasthan,20025,63
Tamil Nadu,18022,0
Telangana ,6007,1696
Peach,2003,0
Tamil Nadu,2003,0
Pear,6007,0
Tamil Nadu,6007,0
Peas  (vegetable),8009,0
Andhra Pradesh,2002,0
Telangana ,6007,0
Peas & beans (Pulses),2738732,127690
Assam,216828,5556
Bihar,359109,2076
Chhattisgarh,162642,1379
Haryana,100243,800
Himachal Pradesh,46107,8842
Jammu and Kashmir ,58166,606
Karnataka,144464,6545
Madhya Pradesh,273225,21631
Manipur,50047,880
Meghalaya,28172,1993
Mizoram,22035,142
Nagaland,146524,1630
Punjab,62245,18000
Rajasthan,158196,17926
Tripura,34160,272
Uttar Pradesh,609692,127690
Uttarakhand,110407,5955
West Bengal,156470,4157
Perilla,8052,180
Nagaland,8052,180
Pineapple,148527,67243
Assam,92417,67243
Goa,2013,3186
Kerala,26060,15618
Manipur,10014,15375
Meghalaya,6008,29621
Tamil Nadu,12015,34394
Plums,4004,0
Tamil Nadu,4004,0
Pome Fruit,196246,26077
Andhra Pradesh,10012,2443
Karnataka,30037,4152
Madhya Pradesh,68086,0
Manipur,4005,188
Rajasthan,24029,0
Tamil Nadu,48061,6726
Telangana ,12016,26077
Pome Granet,36142,17671
Andhra Pradesh,18120,17671
Tamil Nadu,18022,0
Potato,4138166,3434459
Andhra Pradesh,34130,15206
Arunachal Pradesh,160529,8025
Assam,262771,165586
Bihar,250282,139349
Chandigarh,8008,3250
Chhattisgarh,174824,33097
Gujarat,86208,867700
Haryana,154302,160400
Himachal Pradesh,92171,60966
Jammu and Kashmir ,74248,6081.4
Jharkhand,100310,42206.38
Karnataka,265046,263565
Kerala,10056,18758
Madhya Pradesh,383295,256523
Manipur,40041,3240
Meghalaya,104393,129254
Mizoram,28083,2300
Nagaland,106416,16190
Odisha,342955,21728
Rajasthan,206403,45199
Sikkim,4004,10180
Tamil Nadu,46101,41494
Telangana ,16033,13965
Tripura,6001,31610
Uttar Pradesh,788200,1836400
Uttarakhand,182755,69064
West Bengal,210601,3434459
Pulses total,142053,478700
Arunachal Pradesh,32014,663
Gujarat,25970,98400
Maharashtra,15976,1005
Meghalaya,7991,380
Sikkim,1998,1670
Tamil Nadu,21971,72770
Uttarakhand,22154,6250
West Bengal,13979,478700
Pump Kin,52200,0
Kerala,26169,
Tamil Nadu,26031,0
Ragi,2491152,308091
Andhra Pradesh,206612,35041
Bihar,312856,7724
Chhattisgarh,124481,1644
Dadra and Nagar Haveli,8014,2166
Goa,16063,279
Gujarat,28083,13000
Himachal Pradesh,20069,981
Jharkhand,46121,17064.7
Karnataka,505459,308091
Kerala,28072,1564
Madhya Pradesh,52127,129
Maharashtra,142397,40400
Nagaland,24141,70
Odisha,411187,21394.8
Puducherry,30109,449
Tamil Nadu,252705,117590
Telangana ,60151,8300
Uttar Pradesh,56025,95
Uttarakhand,108363,43859
West Bengal,58117,13545
Rajmash Kholar,10065,3030
Nagaland,10065,3030
Rapeseed &Mustard,4538566,565310
Andhra Pradesh,50125,2727
Arunachal Pradesh,11986,1000
Assam,304918,25954
Bihar,405200,25205
Chhattisgarh,214828,7997
Dadra and Nagar Haveli,2006,2
Gujarat,158417,249800
Haryana,148400,206000
Himachal Pradesh,82163,1758
Jammu and Kashmir ,62144,22199.3
Jharkhand,72210,2615
Karnataka,176484,479
Madhya Pradesh,447222,225171
Maharashtra,232525,500
Manipur,18021,450
Meghalaya,82262,5241
Mizoram,30024,1194
Nagaland,80278,13710
Odisha,321003,3170
Puducherry,7999,467
Punjab,142442,16000
Rajasthan,278463,565310
Sikkim,58163,1534
Tamil Nadu,64191,136
Telangana ,26056,469
Tripura,34152,752
Uttar Pradesh,701884,111507
Uttarakhand,132454,6749
West Bengal,192546,103175
Redish,22028,400
Manipur,6006,400
Tamil Nadu,16022,0
Ribed Guard,24027,0
Tamil Nadu,24027,0
Rice,9198207,1710000
Andaman and Nicobar Islands,8023,29119.66
Andhra Pradesh,306799,998795
Arunachal Pradesh,192632,27463
Assam,892635,278662
Bihar,946640,542692
Chandigarh,6012,700
Chhattisgarh,176734,844764
Dadra and Nagar Haveli,22047,32296
Goa,24116,85399
Gujarat,198615,363900
Haryana,196461,567000
Himachal Pradesh,92150,59209
Jammu and Kashmir ,80181,117980
Jharkhand,146351,158468
Karnataka,709908,349693
Kerala,425253,153728
Madhya Pradesh,485346,486464
Maharashtra,338823,353600
Manipur,70064,71540
Meghalaya,168508,78003
Mizoram,68143,46626
Nagaland,106368,87300
Odisha,806791,715000
Puducherry,76222,47982
Punjab,196626,1710000
Rajasthan,178370,91185
Sikkim,48165,9750
Tamil Nadu,288724,820538
Telangana ,198502,681148
Tripura,54214,282438
Uttar Pradesh,940553,579441
Uttarakhand,144526,368655
West Bengal,603705,1365492
Ricebean (nagadal),4026,450
Nagaland,4026,450
Rubber,18012,143244
Kerala,18012,143244
Safflower,914418,27400
Andhra Pradesh,28082,813
Bihar,76103,1241
Chhattisgarh,86316,126
Karnataka,170520,18416
Madhya Pradesh,132235,121
Maharashtra,242699,27400
Odisha,50035,860
Telangana ,64208,4143
West Bengal,64220,907
Samai,58018,33456
Andhra Pradesh,26003,11800
Tamil Nadu,28013,33456
Telangana ,4002,149
Sannhamp,1411828,9350
Andhra Pradesh,4026,
Bihar,184486,4733.33
Chhattisgarh,176670,788
Dadra and Nagar Haveli,18049,112
Haryana,58114,600
Himachal Pradesh,10019,27
Jammu and Kashmir ,16038,95
Karnataka,44135,106
Madhya Pradesh,288759,1539
Odisha,21998,9350
Rajasthan,166316,152
Tamil Nadu,19992,3445
Uttar Pradesh,323064,772
West Bengal,80162,2917
Sapota,18118,24901
Andhra Pradesh,18118,24901
Sesamum,5421222,65298
Andhra Pradesh,258714,8000
Arunachal Pradesh,7990,313
Assam,304907,2561
Bihar,312792,566
Chhattisgarh,164661,1524
Dadra and Nagar Haveli,8026,39
Gujarat,228585,55900
Haryana,146361,600
Himachal Pradesh,36094,1568
Jammu and Kashmir ,28066,1566
Karnataka,270802,11252
Kerala,106284,170
Madhya Pradesh,459216,20600
Maharashtra,391002,9800
Manipur,16017,890
Meghalaya,70214,939
Mizoram,22024,2400
Nagaland,82272,1110
Odisha,647999,6340
Puducherry,16058,152
Punjab,124288,3000
Rajasthan,270541,31594
Tamil Nadu,176278,27443
Telangana ,124346,7925
Tripura,34170,346
Uttar Pradesh,678109,34154
Uttarakhand,100324,174
West Bengal,335082,65298
Small millets,2787338,24628
Andhra Pradesh,130449,17352
Arunachal Pradesh,158382,3635
Assam,266774,2167
Bihar,228583,2278
Chhattisgarh,186765,8145
Dadra and Nagar Haveli,6033,219
Gujarat,72046,2800
Himachal Pradesh,58107,6368
Jammu and Kashmir ,6009,2699
Karnataka,206661,7268
Kerala,8021,137
Madhya Pradesh,308884,24140
Maharashtra,106073,12300
Meghalaya,78200,760
Nagaland,62210,3120
Odisha,54037,8730
Puducherry,4011,3
Rajasthan,94197,4643
Sikkim,32118,1580
Tamil Nadu,200552,24600
Telangana ,38096,1020
Uttar Pradesh,330744,10370
Uttarakhand,60216,24628
West Bengal,90170,1051
Snak Guard,60076,0
Kerala,20027,0
Tamil Nadu,40049,0
Soyabean,1895188,673092
Andhra Pradesh,40161,3866
Arunachal Pradesh,19976,450
Chhattisgarh,148587,39291
Gujarat,16085,27500
Himachal Pradesh,18051,101
Karnataka,126329,115271
Kerala,4026,10
Madhya Pradesh,499401,673092
Maharashtra,258819,670400
Manipur,18000,170
Meghalaya,68202,868
Mizoram,22022,875
Nagaland,60179,7750
Odisha,1999,10
Rajasthan,150238,270066
Sikkim,32107,1370
Tamil Nadu,10025,
Telangana ,36138,133286
Uttar Pradesh,192322,18036
Uttarakhand,118407,15487
West Bengal,54114,410
Sugarcane,4668930,28322000
Andaman and Nicobar Islands,6021,2379
Andhra Pradesh,152411,4097998
Arunachal Pradesh,86267,9420
Assam,286790,353543
Bihar,350934,2702830
Chhattisgarh,164606,2129180
Dadra and Nagar Haveli,8005,122320
Goa,14059,43480
Gujarat,118267,11754000
Haryana,188502,2500000
Himachal Pradesh,40078,28586
Jammu and Kashmir ,14026,1923
Jharkhand,8026,14160
Karnataka,236683,16264475
Kerala,118333,227197.2
Madhya Pradesh,443153,934340
Maharashtra,262839,15936200
Manipur,30033,13060
Meghalaya,68182,128
Mizoram,34085,6554
Nagaland,60184,126040
Odisha,312983,354750.5
Puducherry,14027,382297
Punjab,140355,1840000
Rajasthan,222318,328478
Tamil Nadu,256684,28322000
Telangana ,74204,2645000
Tripura,48217,25158
Uttar Pradesh,684015,17757963
Uttarakhand,46144,4304432
West Bengal,178499,540840
Sunflower,3240558,113086
Andhra Pradesh,146469,113086
Arunachal Pradesh,19973,24
Bihar,246694,8099
Chhattisgarh,134509,1217
Dadra and Nagar Haveli,1999,3
Haryana,44051,20500
Karnataka,675963,55310
Madhya Pradesh,124229,765
Maharashtra,569427,31900
Mizoram,2004,5
Nagaland,96296,910
Odisha,130114,1350
Puducherry,2010,1
Punjab,8030,12000
Rajasthan,50052,149
Tamil Nadu,284791,15416
Telangana ,116261,55000
Uttar Pradesh,467243,7163
Uttarakhand,28086,240
West Bengal,92357,7709
Sweet potato,2387334,64457
Andaman and Nicobar Islands,10013,700.35
Andhra Pradesh,122458,4655
Assam,264749,12637
Bihar,162180,12356
Chhattisgarh,160631,5956
Haryana,48138,800
Karnataka,120421,17176
Kerala,102329,2371
Madhya Pradesh,389315,2996
Manipur,6004,132
Meghalaya,76229,5864
Nagaland,22132,1450
Odisha,128095,48240
Puducherry,2013,10
Rajasthan,158301,1995
Tamil Nadu,152356,17360
Telangana ,28091,1027
Uttar Pradesh,433879,64457
Tapioca,942595,1210020
Andaman and Nicobar Islands,4010,2108
Andhra Pradesh,40113,159148
Assam,236623,9224
Karnataka,90303,6663
Kerala,164477,730475
Manipur,12007,300
Meghalaya,66160,11303
Mizoram,18032,1788
Nagaland,32170,13700
Puducherry,32104,6712
Rajasthan,1999,3
Tamil Nadu,240592,1210020
Telangana ,4005,38
Tea,46057,46439
Kerala,10008,46439
Nagaland,36049,1600
Tobacco,1648544,158600
Andhra Pradesh,156476,158600
Assam,228647,121
Bihar,138325,11879
Chhattisgarh,34103,10
Gujarat,88312,124600
Haryana,2012,
Himachal Pradesh,2001,1
Jammu and Kashmir ,8012,10
Karnataka,136468,72185
Kerala,10014,501
Madhya Pradesh,54176,40
Maharashtra,2014,2100
Meghalaya,46130,258
Mizoram,34067,180
Odisha,46029,1740
Rajasthan,122207,427
Tamil Nadu,100219,5712
Telangana ,74181,14615
Uttar Pradesh,270827,92620
Uttarakhand,24069,129
West Bengal,70255,22780
Tomato,224647,192268
Andhra Pradesh,84466,192268
Karnataka,24030,66553
Madhya Pradesh,44056,0
Maharashtra,24036,25412
Manipur,10012,864
Tamil Nadu,32039,56986
Telangana ,6008,8576
Total foodgrain,142072,1121727
Maharashtra,23964,4174
Meghalaya,5992,20172
Sikkim,1998,33140
Tamil Nadu,37954,435800
Uttar Pradesh,39940,1121727
Uttarakhand,32224,330581
Turmeric,2448653,133010
Andhra Pradesh,112397,43737
Arunachal Pradesh,78289,842
Assam,254641,2012
Bihar,128150,1704
Chhattisgarh,178693,419
Haryana,14045,2
Himachal Pradesh,40090,28
Jammu and Kashmir ,4021,13.2
Karnataka,200641,63965
Kerala,120354,1747
Madhya Pradesh,258801,16033
Manipur,28042,170
Meghalaya,74163,6037
Nagaland,14054,1140
Odisha,90074,38660
Puducherry,8046,9
Rajasthan,46089,580
Tamil Nadu,210475,62135
Telangana ,58180,133010
Uttar Pradesh,344993,2969
Uttarakhand,54235,1068
West Bengal,130180,8097
Turnip,4006,123
Jammu and Kashmir ,4006,123
Urad,5859843,124529
Andhra Pradesh,270771,114427
Assam,242931,3076
Bihar,300987,6759
Chandigarh,6001,20
Chhattisgarh,281136,5543
Dadra and Nagar Haveli,4018,1833
Gujarat,208613,26400
Haryana,98201,500
Himachal Pradesh,70120,1312
Jammu and Kashmir ,52171,2856.3
Karnataka,296971,28489
Madhya Pradesh,437587,33240
Maharashtra,359008,56100
Nagaland,44202,370
Odisha,732344,15530
Puducherry,44164,1888
Punjab,56164,6700
Rajasthan,200397,24366
Sikkim,34124,1600
Tamil Nadu,262677,40984
Telangana ,160458,15000
Tripura,54247,278
Uttar Pradesh,1179237,124529
Uttarakhand,158551,2789
West Bengal,304763,12635
Varagu,34018,1300
Andhra Pradesh,10001,1300
Tamil Nadu,24017,1060
Water Melon,34044,0
Madhya Pradesh,8012,0
Rajasthan,10011,0
Tamil Nadu,16021,0
Wheat,4656540,1849000
Andhra Pradesh,26077,405
Arunachal Pradesh,130315,3330
Assam,246638,25101
Bihar,387134,457110
Chandigarh,14030,3375
Chhattisgarh,186708,26815
Dadra and Nagar Haveli,4004,1470
Gujarat,236620,759000
Haryana,166407,1183000
Himachal Pradesh,90175,156903
Jammu and Kashmir ,62127,209390
Jharkhand,94248,31549
Karnataka,162436,71114
Madhya Pradesh,445078,1186378
Maharashtra,292735,164600
Meghalaya,32093,6884
Mizoram,5999,11
Nagaland,80312,3280
Odisha,246635,3487
Punjab,184553,1849000
Rajasthan,278453,722874
Sikkim,36110,4310
Tamil Nadu,16030,12
Telangana ,68147,5199
Tripura,46152,960
Uttar Pradesh,814377,1041832
Uttarakhand,116447,406529
West Bengal,186500,346801
Yam,22029,0
Tamil Nadu,22029,0
Grand Total,148071680,1125000000
